<?xml version="1.0" encoding="UTF-8"?>
<!DOCTYPE mapper
  PUBLIC "-//mybatis.org//DTD Mapper 3.0//EN"
  "https://mybatis.org/dtd/mybatis-3-mapper.dtd">


<mapper namespace="com.littlePirates.project.dao.IChildrenDAO">

	<resultMap id="NurResult"
		type="com.littlePirates.project.model.ChildrenVO">
		<result property="nurRegion" column="nurRegion" />
		<result property="nurName" column="nurName" />
		<result property="nurType" column="nurType" />
		<result property="nurCondition" column="nurCondition" />
		<result property="nurZipcode" column="nurZipcode" />
		<result property="nurAddress" column="nurAddress" />
		<result property="nurTel" column="nurTel" />
		<result property="nurBus" column="nurBus" />
		<result property="nurClass" column="nurClass" />
		<result property="nurNo" column="nurNo" />
	</resultMap>

	<select id="NurseryList" resultMap="NurResult">
		SELECT * FROM nurseryinfo
		LIMIT #{start},#{end}
	</select>
	<select id="countBoard" resultType="int">
		SELECT COUNT(*) FROM nurseryinfo
	</select>

</mapper>
